{
  "symptom": {
    "precision": 0.9463443396226415,
    "recall": 0.8784893267651889,
    "f1-score": 0.9111552653988079,
    "support": 1827
  },
  "micro avg": {
    "precision": 0.9463443396226415,
    "recall": 0.8784893267651889,
    "f1-score": 0.9111552653988079,
    "support": 1827
  },
  "macro avg": {
    "precision": 0.9463443396226415,
    "recall": 0.8784893267651889,
    "f1-score": 0.9111552653988079,
    "support": 1827
  },
  "weighted avg": {
    "precision": 0.9463443396226415,
    "recall": 0.8784893267651889,
    "f1-score": 0.9111552653988079,
    "support": 1827
  }
}